db,folder,file,description,timestamp,commit_sha,seed,epistemic_gain,b_candidates,opponent,n_steps,mean_joint_dist,start_joint_dist,final_joint_dist,joint_match_ratio,mean_row_dist,start_row_dist,final_row_dist,row_match_ratio,corr_joint_vfe,corr_joint_efe,corr_joint_gamma,corr_row_vfe,corr_row_efe,corr_row_gamma,mean_vfe,mean_efe,mean_gamma
scripts\BMA-Study\EG1\all_vs_Grim_EG1.db,EG1,all_vs_Grim_EG1.db,1_2_2_Chicken-1_1_1_Prisoners-1_2_2_Chicken,20260308-185304,cadb35fb,1,1.0,Full TFT Grim,Grim,2000,0.0994447619057438,0.27077716231346133,0.022868270874023437,0.8585,0.08424653515964746,0.07077790141105651,0.022868270874023437,0.8755,0.1026543540312564,0.3407275916040646,0.3407286760666734,0.05666303891030274,0.4162494804582509,0.4162506716337703,2.381217549362453,2.308854344623839,3.9078471887463437
scripts\BMA-Study\EG1\all_vs_Grim_EG1.db,EG1,all_vs_Grim_EG1.db,3_2_2_StagHunt-1_1_1_Prisoners-3_2_2_StagHunt,20260308-185328,cadb35fb,1,1.0,Full TFT Grim,Grim,2000,0.2847848028652251,0.20356886267662047,0.002231597900390625,0.79,0.19483847385644912,0.0035696160793304444,0.002231597900390625,0.8,0.0728720463490267,0.4934703342012215,0.4934680111870463,0.025709839637950357,0.4545084074526422,0.45450605264542776,0.05765427073184401,0.6436071897804019,3.2130237952750558
scripts\BMA-Study\EG1\all_vs_TFT_EG1.db,EG1,all_vs_TFT_EG1.db,1_2_2_Chicken-1_1_1_Prisoners-1_2_2_Chicken,20260308-184556,cadb35fb,1,1.0,Full TFT Grim,TFT,2000,0.8404885863748502,0.6090666412699031,0.7062896898046088,0.0005,0.1939691421687603,0.0015930366516113282,0.0011562108993530273,0.8,-0.17396782428993904,0.46156862886104383,0.46158098795086827,-0.008797390734430715,0.5138166781816677,0.5138067724654173,0.27016999369999395,1.4184847576078965,3.4960072450703765
scripts\BMA-Study\EG1\all_vs_TFT_EG1.db,EG1,all_vs_TFT_EG1.db,3_2_2_StagHunt-1_1_1_Prisoners-3_2_2_StagHunt,20260308-184618,cadb35fb,1,1.0,Full TFT Grim,TFT,2000,0.2847848028652251,0.20356886267662047,0.002231597900390625,0.79,0.19483847385644912,0.0035696160793304444,0.002231597900390625,0.8,0.0728720463490267,0.4934703342012215,0.4934680111870463,0.025709839637950357,0.4545084074526422,0.45450605264542776,0.05765427073184401,0.6436071897804019,3.2130237952750558
scripts\BMA-Study\EG1\full_vs_Grim_EG1.db,EG1,full_vs_Grim_EG1.db,1_2_2_Chicken-1_1_1_Prisoners-1_2_2_Chicken,20260308-172136,cadb35fb,1,1.0,Full,Grim,2000,0.16421502595042425,0.2641297033429146,0.0388353955745697,0.617,0.0667870851092739,0.06413044244050979,0.0388353955745697,0.748,-0.48046879180128305,-0.015622673135224825,-0.015623574679592325,-0.572119924982597,0.1303929360732921,0.13039145770001942,3.808373359396122,2.190312855120432,3.8486025840478604
scripts\BMA-Study\EG1\full_vs_Grim_EG1.db,EG1,full_vs_Grim_EG1.db,3_2_2_StagHunt-1_1_1_Prisoners-3_2_2_StagHunt,20260308-172158,cadb35fb,1,1.0,Full,Grim,2000,0.18354360267019137,0.26412896156311033,0.3356358677148819,0.5515,0.10705244881287217,0.06412971496582032,0.1643641322851181,0.6315,0.006494770229821725,0.7377945675181568,0.7377965368927433,-0.23616031028902212,0.773142918819192,0.7731460888431393,3.7925577814443967,1.0267891347797091,3.364187594216117
scripts\BMA-Study\EG1\full_vs_TFT_EG1.db,EG1,full_vs_TFT_EG1.db,1_2_2_Chicken-1_1_1_Prisoners-1_2_2_Chicken,20260228-154145,b20a5067,1,1.0,Full,TFT,2000,0.4482299105011099,0.5364589399904254,0.4994875591231228,0.0565,0.06333527830056847,0.07923882126808167,0.0025513195991516114,0.7295,0.3437244828918836,0.16260098989964777,0.16260223691655226,-0.33131406755493015,0.4091254179623058,0.40912546440359615,12.324277333006263,1.1758957520551139,3.400549458970216
scripts\BMA-Study\EG1\full_vs_TFT_EG1.db,EG1,full_vs_TFT_EG1.db,3_2_2_StagHunt-1_1_1_Prisoners-3_2_2_StagHunt,20260228-154211,b20a5067,1,1.0,Full,TFT,2000,0.17721088782281916,0.26412896156311033,0.2294380035996437,0.571,0.09091498640924692,0.06412971496582032,0.2294380035996437,0.7315,-0.06353998680765734,0.8789907565315421,0.8789958552107385,-0.0536178777829662,0.3495965569681304,0.34959493002442876,3.9227580120279453,1.0743857195381865,3.3826714404061358
scripts\BMA-Study\EG1\Grim_vs_Grim_EG1.db,EG1,Grim_vs_Grim_EG1.db,1_2_2_Chicken-1_1_1_Prisoners-1_2_2_Chicken,20260308-172530,cadb35fb,1,1.0,Full Grim,Grim,2000,0.04826323223694086,0.2674687902629376,0.024068002700805665,0.951,0.032738321046344936,0.06746952936053276,0.024068002700805665,0.9685,-0.07547329302894865,0.1627722944146402,0.16277032455879237,-0.09752013979177299,0.2204696284047284,0.2204677356616938,3.6671303430723494,2.356070322591083,3.931374972844828
scripts\BMA-Study\EG1\Grim_vs_Grim_EG1.db,EG1,Grim_vs_Grim_EG1.db,3_2_2_StagHunt-1_1_1_Prisoners-3_2_2_StagHunt,20260308-172552,cadb35fb,1,1.0,Full Grim,Grim,2000,0.28493265550665836,0.20669398069381714,0.0022483468055725098,0.79,0.19496040961146355,0.0066947340965271,0.0022483468055725098,0.8,0.31639994191442455,0.20167741810226789,0.2016795682806772,0.27019824456813907,0.16312366332324615,0.16312580072106259,0.058329505556379446,0.645920060981469,3.213853149018941
scripts\BMA-Study\EG1\TFT_vs_TFT_EG1.db,EG1,TFT_vs_TFT_EG1.db,1_2_2_Chicken-1_1_1_Prisoners-1_2_2_Chicken,20260228-160224,b20a5067,1,1.0,Full TFT,TFT,2000,0.840281621514525,0.6073096231511159,0.7062782813301665,0.0005,0.19409244400262832,0.0041267466545104985,0.0011723637580871582,0.8,-0.5114832507011978,0.8096654994254948,0.8096889843580912,0.26159437162613797,0.17042801655455725,0.17041259485931848,0.27962912097666415,1.4198601259878132,3.496585714394765
scripts\BMA-Study\EG1\TFT_vs_TFT_EG1.db,EG1,TFT_vs_TFT_EG1.db,3_2_2_StagHunt-1_1_1_Prisoners-3_2_2_StagHunt,20260228-160246,b20a5067,1,1.0,Full TFT,TFT,2000,0.2849180902102734,0.20645269870758057,0.0022484660148620605,0.79,0.19494532737135886,0.006453452110290528,0.0022484660148620605,0.8,0.35216612363446814,0.10967823274728052,0.10967649108493087,0.304678132629796,0.06990598977024556,0.06990415095270514,0.05810931725171395,0.6460108153749725,3.2138842898538864
scripts\BMA-Study\EG10\all_vs_Grim_EG10.db,EG10,all_vs_Grim_EG10.db,1_2_2_Chicken-1_1_1_Prisoners-1_2_2_Chicken,20260308-182725,cadb35fb,1,10.0,Full TFT Grim,Grim,2000,0.22090470123534076,0.43257294998405904,0.06230194926261902,0.6685,0.19949617380761492,0.08375483557581902,0.06230194926261902,0.6925,0.42377210974783025,-0.3797868225493707,-0.379786494071075,0.3201546904612667,-0.25474484920148915,-0.2547458046301888,1.8735676580448635,1.157350811357095,3.5204073884207348
scripts\BMA-Study\EG10\all_vs_Grim_EG10.db,EG10,all_vs_Grim_EG10.db,3_2_2_StagHunt-1_1_1_Prisoners-3_2_2_StagHunt,20260308-182748,cadb35fb,1,10.0,Full TFT Grim,Grim,2000,0.2836293774397355,0.32922005772590635,0.006366493701934814,0.7795,0.18903937903046608,0.10613029837608337,0.006366493701934814,0.7895,0.021874095069749556,0.5487956072611805,0.548795616558705,-0.02442883993076541,0.5867148993912937,0.5867149093571464,0.05765427073184401,0.3551512105372381,3.124737620098901
scripts\BMA-Study\EG10\all_vs_TFT_EG10.db,EG10,all_vs_TFT_EG10.db,1_2_2_Chicken-1_1_1_Prisoners-1_2_2_Chicken,20260308-183020,cadb35fb,1,10.0,Full TFT Grim,TFT,2000,0.8303856657724091,0.6099066074682319,0.7044385196972182,0.0005,0.18317434951663017,0.00030538320541381833,0.003780665397644043,0.8,0.17715102191701831,0.1264788521129888,0.12647897162472738,-0.360328993518535,0.8539582487421328,0.8539581873068319,0.27016999369999395,1.0124354997640141,3.365157640765168
scripts\BMA-Study\EG10\all_vs_TFT_EG10.db,EG10,all_vs_TFT_EG10.db,3_2_2_StagHunt-1_1_1_Prisoners-3_2_2_StagHunt,20260308-183043,cadb35fb,1,10.0,Full TFT Grim,TFT,2000,0.2836293774397355,0.32922005772590635,0.006366493701934814,0.7795,0.18903937903046608,0.10613029837608337,0.006366493701934814,0.7895,0.021874095069749556,0.5487956072611805,0.548795616558705,-0.02442883993076541,0.5867148993912937,0.5867149093571464,0.05765427073184401,0.3551512105372381,3.124737620098901
scripts\BMA-Study\EG10\full_vs_Grim_EG10.db,EG10,full_vs_Grim_EG10.db,1_2_2_Chicken-1_1_1_Prisoners-1_2_2_Chicken,20260308-173228,cadb35fb,1,10.0,Full,Grim,2000,0.3245699456907112,0.4713790400432227,0.49618594738954336,0.2015,0.10207125182310119,0.1451364916563034,0.00776736319065094,0.5175,0.23659006618169603,-0.2297828916075723,-0.22978294443936026,-0.02178901138663201,-0.24540576881206236,-0.2454057263291857,5.054755122339353,-0.6843821934924946,2.8987906109513104
scripts\BMA-Study\EG10\full_vs_Grim_EG10.db,EG10,full_vs_Grim_EG10.db,3_2_2_StagHunt-1_1_1_Prisoners-3_2_2_StagHunt,20260308-173250,cadb35fb,1,10.0,Full,Grim,2000,0.3385508937760238,0.47151762976481804,0.4695229848380471,0.0875,0.10701245945482515,0.14522935301065446,0.03432562828063965,0.4725,-0.07775902116643664,0.44075786971322195,0.4407580854042606,0.017845097991819825,-0.41576543685936,-0.41576555491100925,5.2133366409624,-2.3322105973902545,2.4656607865663527
scripts\BMA-Study\EG10\full_vs_TFT_EG10.db,EG10,full_vs_TFT_EG10.db,1_2_2_Chicken-1_1_1_Prisoners-1_2_2_Chicken,20260223-203042,b20a5067,1,10.0,Full,TFT,2000,0.5178006850574364,0.5326178300940085,0.4992627240612073,0.0005,0.09578070987015963,0.051430104970932006,0.003813185691833496,0.7555,0.5114065621448248,0.1872977763217431,0.18729726277101288,-0.02830667814940669,0.5820785754178155,0.5820770936282906,14.746500623479486,-4.865340658741303,2.018972003255971
scripts\BMA-Study\EG10\full_vs_TFT_EG10.db,EG10,full_vs_TFT_EG10.db,3_2_2_StagHunt-1_1_1_Prisoners-3_2_2_StagHunt,20260223-203116,b20a5067,1,10.0,Full,TFT,2000,0.4625834713460739,0.47322085554662835,0.49946215910848535,0.0795,0.06343842092715203,0.034251869916915895,0.0006765151023864747,0.8535,0.32960854338731294,-0.10185766922335886,-0.10186089803008858,-0.14319952574763145,0.32594805352603784,0.3259487083705517,13.588111990392209,-4.37192008742467,2.094635056369632
scripts\BMA-Study\EG10\Grim_vs_Grim_EG10.db,EG10,Grim_vs_Grim_EG10.db,1_2_2_Chicken-1_1_1_Prisoners-1_2_2_Chicken,20260308-172906,cadb35fb,1,10.0,Full Grim,Grim,2000,0.1538293426741441,0.44793921468077047,0.09554142951965332,0.647,0.12817254518845583,0.05614822452887893,0.09554142951965332,0.6685,-0.09861541922520978,-0.08127675178650218,-0.0812765951848932,-0.17371274763075267,0.05155494504421664,0.05155517967879547,3.8706195181425427,1.6275376230447796,3.7069275486769784
scripts\BMA-Study\EG10\Grim_vs_Grim_EG10.db,EG10,Grim_vs_Grim_EG10.db,3_2_2_StagHunt-1_1_1_Prisoners-3_2_2_StagHunt,20260308-172928,cadb35fb,1,10.0,Full Grim,Grim,2000,0.13662664436692415,0.5383342559226515,0.09592845380306243,0.8455,0.09024565709407034,0.012713692694087514,0.09592845380306243,0.9135,0.2801847157236515,-0.10606158757148909,-0.10607928516773484,-0.07373538313079542,0.2641808373225318,0.2641634511199978,0.9641773321295622,1.6630956368420775,3.718270926618852
scripts\BMA-Study\EG10\TFT_vs_TFT_EG10.db,EG10,TFT_vs_TFT_EG10.db,1_2_2_Chicken-1_1_1_Prisoners-1_2_2_Chicken,20260223-203455,b20a5067,1,10.0,Full TFT,TFT,2000,0.8265556628151517,0.6062693799444986,0.7039474840888856,0.0005,0.1814769812822342,0.0055660676956176755,0.004477992057800293,0.8,-0.41586785974653867,0.6909118823920373,0.6909136686834579,0.16710586111637407,0.2930250224054477,0.2930266354860709,0.27962912097666415,1.0394541431202557,3.3751834919561023
scripts\BMA-Study\EG10\TFT_vs_TFT_EG10.db,EG10,TFT_vs_TFT_EG10.db,3_2_2_StagHunt-1_1_1_Prisoners-3_2_2_StagHunt,20260223-203527,b20a5067,1,10.0,Full TFT,TFT,2000,0.5375238628162747,0.4059733744569553,0.4950435939566043,0.012,0.11670167740539182,0.015573167954571546,0.0054967373609542845,0.7505,0.10877443556996343,0.1785585065914695,0.178570424695119,0.16096058384897174,0.539760820933523,0.5397456505516,15.24359779831022,-4.773842132036923,2.0324011651813465
scripts\BMA-Study\EG10_group\full_vs_Grim_EG10.db,EG10_group,full_vs_Grim_EG10.db,1_2_2_Chicken-1_1_1_Prisoners-1_2_2_Chicken,20260309-145420,d6554bb8,3,10.0,Full,Grim,2000,0.4001127911655734,0.4830719652495133,0.49138383656353823,0.092,0.12021979525964707,0.14046587258577348,0.01953790009021759,0.5665,0.2713662514548379,-0.14929631147308992,-0.1492963262386055,-0.28947877351658524,-0.3032161056996497,-0.30321612179308377,6.624669518895447,-1.231449562953084,2.7420571350276735
scripts\BMA-Study\EG10_group\full_vs_Grim_EG10.db,EG10_group,full_vs_Grim_EG10.db,1_2_2_Chicken-1_1_1_Prisoners-1_2_2_Chicken,20260309-145420,d6554bb8,2,10.0,Full,Grim,2000,0.38837235728515396,0.4484040771902626,0.4847866795905675,0.1085,0.1203877891972661,0.15481706768274306,0.01960863411426544,0.569,0.26723531456048144,-0.1284866454549321,-0.12848660763219105,-0.19179023781475846,-0.2957213919101987,-0.295721331095954,6.335300829264336,-1.1385690130215904,2.768915227933123
scripts\BMA-Study\EG10_group\full_vs_Grim_EG10.db,EG10_group,full_vs_Grim_EG10.db,1_2_2_Chicken-1_1_1_Prisoners-1_2_2_Chicken,20260309-145420,d6554bb8,4,10.0,Full,Grim,2000,0.2590034597760332,0.48338187249265674,0.3453128945827484,0.3215,0.09823641333647538,0.14060337901115416,0.15468710541725159,0.5765,0.3947974598416638,-0.375744743721304,-0.37574483166821726,-0.08237799826499106,0.42417133173055477,0.4241714413276607,4.472041346001904,-0.08927295843895547,3.060586063250808
scripts\BMA-Study\EG10_group\full_vs_Grim_EG10.db,EG10_group,full_vs_Grim_EG10.db,1_2_2_Chicken-1_1_1_Prisoners-1_2_2_Chicken,20260309-145420,d6554bb8,7,10.0,Full,Grim,2000,0.34151025555997633,0.5063252986232284,0.49033477599781217,0.208,0.09283659446658567,0.13049492359161377,0.013893484473228454,0.587,0.3005782020623716,-0.2340460497367366,-0.23404602420487047,0.025818644800310205,-0.3291022002320576,-0.3291022791242856,5.214236130698584,-0.6271853327716387,2.9151094824078148
scripts\BMA-Study\EG10_group\full_vs_Grim_EG10.db,EG10_group,full_vs_Grim_EG10.db,1_2_2_Chicken-1_1_1_Prisoners-1_2_2_Chicken,20260309-145420,d6554bb8,1,10.0,Full,Grim,2000,0.3245699456907112,0.4713790400432227,0.49618594738954336,0.2015,0.10207125182310119,0.1451364916563034,0.00776736319065094,0.5175,0.23659006618169603,-0.2297828916075723,-0.22978294443936026,-0.02178901138663201,-0.24540576881206236,-0.2454057263291857,5.054755122339353,-0.6843821934924946,2.8987906109513104
scripts\BMA-Study\EG10_group\full_vs_Grim_EG10.db,EG10_group,full_vs_Grim_EG10.db,1_2_2_Chicken-1_1_1_Prisoners-1_2_2_Chicken,20260309-145420,d6554bb8,5,10.0,Full,Grim,2000,0.23571488212390554,0.5255135205869186,0.2811537504196167,0.3175,0.10564685378479771,0.11091563820838929,0.2188462495803833,0.5495,0.23562542374793743,-0.3929904855699775,-0.3929905044349623,-0.2953542652279905,0.30140977374480654,0.3014097805022888,4.538367937688716,-0.2723929369327826,3.016843791772377
scripts\BMA-Study\EG10_group\full_vs_Grim_EG10.db,EG10_group,full_vs_Grim_EG10.db,1_2_2_Chicken-1_1_1_Prisoners-1_2_2_Chicken,20260309-145420,d6554bb8,8,10.0,Full,Grim,2000,0.33342683621708713,0.48337015686495266,0.4849071297179291,0.2045,0.09445117967715487,0.14060377240180968,0.016722827553749084,0.567,0.25146786373710556,-0.22268171311884338,-0.22268181079840016,0.07386516171801799,-0.3266470274240331,-0.3266469974884439,5.294435231389478,-0.5662465899690784,2.9348197235143036
scripts\BMA-Study\EG10_group\full_vs_Grim_EG10.db,EG10_group,full_vs_Grim_EG10.db,1_2_2_Chicken-1_1_1_Prisoners-1_2_2_Chicken,20260309-145420,d6554bb8,6,10.0,Full,Grim,2000,0.3046760032466846,0.5221486197485716,0.483854689798425,0.27,0.09675669444585219,0.09622658729553223,0.01903745412826538,0.5795,0.3144768305610344,-0.233563202949038,-0.23356325773682263,0.11249287376158748,-0.147649493241118,-0.14764936857446243,4.880828358422965,-0.5062732944154443,2.9483229312407904
scripts\BMA-Study\EG10_group\full_vs_Grim_EG10.db,EG10_group,full_vs_Grim_EG10.db,3_2_2_StagHunt-1_1_1_Prisoners-3_2_2_StagHunt,20260309-150558,d6554bb8,1,10.0,Full,Grim,2000,0.3385508937760238,0.47151762976481804,0.4695229848380471,0.0875,0.10701245945482515,0.14522935301065446,0.03432562828063965,0.4725,-0.07775902116643664,0.44075786971322195,0.4407580854042606,0.017845097991819825,-0.41576543685936,-0.41576555491100925,5.2133366409624,-2.3322105973902545,2.4656607865663527
scripts\BMA-Study\EG10_group\full_vs_Grim_EG10.db,EG10_group,full_vs_Grim_EG10.db,3_2_2_StagHunt-1_1_1_Prisoners-3_2_2_StagHunt,20260309-150558,d6554bb8,5,10.0,Full,Grim,2000,0.3384124767679707,0.5255396946989824,0.471242196559906,0.0965,0.10707509705168194,0.11098075270652771,0.028757803440093994,0.478,-0.0778820773777473,0.39946569852600194,0.39946625237384326,0.035036373453119767,-0.35586456524137483,-0.35586485411891416,5.149860234742053,-2.4017291904253835,2.4514508477827035
scripts\BMA-Study\EG10_group\full_vs_Grim_EG10.db,EG10_group,full_vs_Grim_EG10.db,3_2_2_StagHunt-1_1_1_Prisoners-3_2_2_StagHunt,20260309-150558,d6554bb8,2,10.0,Full,Grim,2000,0.3355212030889393,0.44835937643552926,0.29286191463470457,0.0915,0.1102151915403083,0.1547961112856865,0.2071380853652954,0.4825,-0.01946681650849919,0.4066399818953557,0.4066405068109506,-0.04829578307664101,-0.39908591602688215,-0.39908585605213664,5.273320162338205,-2.374268964471387,2.456876327485798
scripts\BMA-Study\EG10_group\full_vs_Grim_EG10.db,EG10_group,full_vs_Grim_EG10.db,3_2_2_StagHunt-1_1_1_Prisoners-3_2_2_StagHunt,20260309-150558,d6554bb8,3,10.0,Full,Grim,2000,0.3442420406069276,0.4831058011364199,0.4347268835738929,0.0865,0.10925470252335072,0.1404755386710167,0.06543863594532012,0.463,0.004425637316176978,0.3777085568600298,0.3777085085939638,-0.03905169876981325,-0.4083123987408795,-0.40831252253313516,5.311789446124807,-2.3271034469186063,2.467369913033951
scripts\BMA-Study\EG10_group\full_vs_Grim_EG10.db,EG10_group,full_vs_Grim_EG10.db,3_2_2_StagHunt-1_1_1_Prisoners-3_2_2_StagHunt,20260309-150558,d6554bb8,4,10.0,Full,Grim,2000,0.3454199728271138,0.483474475532291,0.4749092899933551,0.077,0.10105934746097774,0.140634104013443,0.029136889576911927,0.504,-0.01760063867137613,0.4442483499079345,0.44424868669923734,-0.03152640042233304,-0.43172014777817874,-0.43171987808862394,5.348094024453312,-2.300940338073144,2.4729291668324533
scripts\BMA-Study\EG10_group\full_vs_Grim_EG10.db,EG10_group,full_vs_Grim_EG10.db,3_2_2_StagHunt-1_1_1_Prisoners-3_2_2_StagHunt,20260309-150558,d6554bb8,8,10.0,Full,Grim,2000,0.3401536710263356,0.4834316655742452,0.41811956763267516,0.099,0.10735283931391314,0.1406220257282257,0.08188043236732483,0.469,-0.021510973482517827,0.4383870022365884,0.43838671886555003,-0.02093755144888255,-0.39996601775441565,-0.3999661096227861,5.15493434209656,-2.3510637237943355,2.4617713003718187
scripts\BMA-Study\EG10_group\full_vs_Grim_EG10.db,EG10_group,full_vs_Grim_EG10.db,3_2_2_StagHunt-1_1_1_Prisoners-3_2_2_StagHunt,20260309-150558,d6554bb8,6,10.0,Full,Grim,2000,0.33915273503777565,0.5221395824613788,0.4795542194817182,0.09,0.10102980729588308,0.0962167564034462,0.027902683019638063,0.4935,-0.04774879067840694,0.4082144695113195,0.4082146227290948,-0.02925066992508765,-0.3721122246351688,-0.3721127212835309,5.4448168410426,-2.3989835029274023,2.453059101673474
scripts\BMA-Study\EG10_group\full_vs_Grim_EG10.db,EG10_group,full_vs_Grim_EG10.db,3_2_2_StagHunt-1_1_1_Prisoners-3_2_2_StagHunt,20260309-150558,d6554bb8,7,10.0,Full,Grim,2000,0.34405959517533985,0.5061142165411571,0.45278246998786925,0.0865,0.10532913863006979,0.13051620721817017,0.047217530012130735,0.48,-0.07596724754926204,0.4059870461310485,0.4059873122511873,0.01847292444369242,-0.4223988596184239,-0.42239949249361874,5.164971741869114,-2.3113414682122286,2.470775172410965
scripts\BMA-Study\EG10_group\full_vs_TFT_EG10.db,EG10_group,full_vs_TFT_EG10.db,1_2_2_Chicken-1_1_1_Prisoners-1_2_2_Chicken,20260307-191907,cadb35fb,4,10.0,Full,TFT,2000,0.5077927360759211,0.532242257548146,0.4993786133901162,0.0005,0.09116506117582321,0.05216033160686493,0.0032018864154815673,0.751,0.4869492467565514,0.2189458308591224,0.21895086041784237,-0.10683897527627363,0.53464797259906,0.5346532171444472,14.453668089196086,-4.894195769639881,2.0147250952279276
scripts\BMA-Study\EG10_group\full_vs_TFT_EG10.db,EG10_group,full_vs_TFT_EG10.db,1_2_2_Chicken-1_1_1_Prisoners-1_2_2_Chicken,20260307-191907,cadb35fb,7,10.0,Full,TFT,2000,0.5113010972243148,0.5337142393912538,0.49942189988604624,0.0005,0.09323967283964157,0.05867227733135223,0.003148883581161499,0.7485,0.4720589689937644,0.23432857767101767,0.23433065437881737,-0.126812644479718,0.5738679818254547,0.5738701327334201,14.561315326735377,-4.8826705571617826,2.0163758376220637
scripts\BMA-Study\EG10_group\full_vs_TFT_EG10.db,EG10_group,full_vs_TFT_EG10.db,1_2_2_Chicken-1_1_1_Prisoners-1_2_2_Chicken,20260307-191907,cadb35fb,8,10.0,Full,TFT,2000,0.5088463101135121,0.5321301690295229,0.49927887233436574,0.0005,0.09061449851095676,0.0525929981470108,0.0035090166330337524,0.7525,0.4945808025265995,0.23326079561939136,0.23325554507256674,-0.1004384424072551,0.5613119397109365,0.5613100513482284,14.59621863475442,-4.87282794608779,2.0179216612775717
scripts\BMA-Study\EG10_group\full_vs_TFT_EG10.db,EG10_group,full_vs_TFT_EG10.db,1_2_2_Chicken-1_1_1_Prisoners-1_2_2_Chicken,20260307-191907,cadb35fb,6,10.0,Full,TFT,2000,0.5071648301360943,0.5392776848096179,0.4993906932651137,0.0005,0.09042429327964782,0.04488834381103515,0.003089921474456787,0.7455,0.4985889057630698,0.28745691604046203,0.2874564552818228,-0.09071154509265607,0.5302400458572938,0.5302417078332532,14.499203995287418,-4.891785832706472,2.0150893861228223
scripts\BMA-Study\EG10_group\full_vs_TFT_EG10.db,EG10_group,full_vs_TFT_EG10.db,1_2_2_Chicken-1_1_1_Prisoners-1_2_2_Chicken,20260307-191907,cadb35fb,5,10.0,Full,TFT,2000,0.509771794843529,0.537283835350043,0.49939645657978415,0.0005,0.09234744886308908,0.05369808912277221,0.0031744545698165895,0.7485,0.49546343861656067,0.26762746463397785,0.2676256136740665,-0.10619074848978002,0.5400352721979713,0.5400359982545497,14.498840806141496,-4.8902976903556885,2.0152429964942935
scripts\BMA-Study\EG10_group\full_vs_TFT_EG10.db,EG10_group,full_vs_TFT_EG10.db,1_2_2_Chicken-1_1_1_Prisoners-1_2_2_Chicken,20260307-191907,cadb35fb,1,10.0,Full,TFT,2000,0.5178006850574364,0.5326178300940085,0.4992627240612073,0.0005,0.09578070987015963,0.051430104970932006,0.003813185691833496,0.7555,0.5114065621448248,0.1872977763217431,0.18729726277101288,-0.02830667814940669,0.5820785754178155,0.5820770936282906,14.746500623479486,-4.865340658741303,2.018972003255971
scripts\BMA-Study\EG10_group\full_vs_TFT_EG10.db,EG10_group,full_vs_TFT_EG10.db,1_2_2_Chicken-1_1_1_Prisoners-1_2_2_Chicken,20260307-191907,cadb35fb,3,10.0,Full,TFT,2000,0.5084416234880379,0.5332448955694669,0.49928856821762146,0.0005,0.09043770353496075,0.05211123764514923,0.0032874530553817748,0.7515,0.5108326224069779,0.19702712253921842,0.19702416699518296,-0.08203868914990396,0.5412057726172471,0.5412038559526668,14.555552581444383,-4.882353761377253,2.0164965028819433
scripts\BMA-Study\EG10_group\full_vs_TFT_EG10.db,EG10_group,full_vs_TFT_EG10.db,1_2_2_Chicken-1_1_1_Prisoners-1_2_2_Chicken,20260307-191907,cadb35fb,2,10.0,Full,TFT,2000,0.5148613340139938,0.5292375040587944,0.49930569201515174,0.0005,0.09403920794278384,0.049091516733169555,0.003637794256210327,0.7555,0.503950612530081,0.1895493678645298,0.18954557889573623,-0.06382723632290573,0.5820589972218523,0.5820566259814177,14.72128703854978,-4.860716853415446,2.0197060086796688
scripts\BMA-Study\EG10_group\full_vs_TFT_EG10.db,EG10_group,full_vs_TFT_EG10.db,3_2_2_StagHunt-1_1_1_Prisoners-3_2_2_StagHunt,20260307-193242,cadb35fb,6,10.0,Full,TFT,2000,0.4600805741129511,0.47275616161159095,0.49979136945420294,0.094,0.05958095600642264,0.033883748352527616,0.00025302886962890624,0.8655,0.2826806309134208,-0.05972269294935286,-0.05972561754894561,-0.06233794767338069,0.26063297675931546,0.26063316864149405,13.561549434162677,-4.525765038325699,2.0696360755049894
scripts\BMA-Study\EG10_group\full_vs_TFT_EG10.db,EG10_group,full_vs_TFT_EG10.db,3_2_2_StagHunt-1_1_1_Prisoners-3_2_2_StagHunt,20260307-193242,cadb35fb,5,10.0,Full,TFT,2000,0.4649910760288374,0.47427387321361814,0.4996354971304327,0.083,0.06497566800750793,0.03194272816181183,0.00043853759765625,0.8505,0.25856371083075075,-0.06875729335700416,-0.06875735241761831,-0.04752549688590163,0.25174308560682,0.2517429897715197,13.515240759663284,-4.366738799811188,2.093769904849295
scripts\BMA-Study\EG10_group\full_vs_TFT_EG10.db,EG10_group,full_vs_TFT_EG10.db,3_2_2_StagHunt-1_1_1_Prisoners-3_2_2_StagHunt,20260307-193242,cadb35fb,8,10.0,Full,TFT,2000,0.4651322200196571,0.4740190241967973,0.4997094672240594,0.079,0.06295949822105468,0.033584239780902865,0.00034917831420898436,0.851,0.3060968375722578,-0.07337461250119957,-0.07337655368085279,-0.09591087900371253,0.3111250450094767,0.31112507984373483,13.559727374624462,-4.472457349895565,2.0780032545023404
scripts\BMA-Study\EG10_group\full_vs_TFT_EG10.db,EG10_group,full_vs_TFT_EG10.db,3_2_2_StagHunt-1_1_1_Prisoners-3_2_2_StagHunt,20260307-193242,cadb35fb,3,10.0,Full,TFT,2000,0.4662637987193533,0.47268112602014584,0.49942900002787355,0.0815,0.06476144188456237,0.03447173327207565,0.0006986701488494873,0.851,0.25776678099944966,-0.08567020495825295,-0.08567126400046655,-0.03596686582522823,0.3054837308351437,0.3054843413536343,13.637677126351743,-4.3980870079038565,2.090391970046111
scripts\BMA-Study\EG10_group\full_vs_TFT_EG10.db,EG10_group,full_vs_TFT_EG10.db,3_2_2_StagHunt-1_1_1_Prisoners-3_2_2_StagHunt,20260307-193242,cadb35fb,4,10.0,Full,TFT,2000,0.46011795447713727,0.4731471856745809,0.4984338103268597,0.088,0.06580883129965515,0.03421724855899811,0.001670132875442505,0.8565,0.2406965861488505,-0.08154673647793668,-0.08154546279570689,-0.0676277247959937,0.2155149333119832,0.21551501048764546,13.194642969980835,-4.253568109482516,2.1123306751730393
scripts\BMA-Study\EG10_group\full_vs_TFT_EG10.db,EG10_group,full_vs_TFT_EG10.db,3_2_2_StagHunt-1_1_1_Prisoners-3_2_2_StagHunt,20260307-193242,cadb35fb,7,10.0,Full,TFT,2000,0.45805750072892715,0.4736038196460511,0.4995121872868443,0.0925,0.06328026783280075,0.033923463821411134,0.0006101512908935547,0.862,0.30987103996458226,-0.1379833821396034,-0.13798450113159796,-0.14758682551384114,0.324307015712576,0.3243070480731321,13.365674886330963,-4.253735243426589,2.1148184338357328
scripts\BMA-Study\EG10_group\full_vs_TFT_EG10.db,EG10_group,full_vs_TFT_EG10.db,3_2_2_StagHunt-1_1_1_Prisoners-3_2_2_StagHunt,20260307-193242,cadb35fb,1,10.0,Full,TFT,2000,0.4625834713460739,0.47322085554662835,0.49946215910848535,0.0795,0.06343842092715203,0.034251869916915895,0.0006765151023864747,0.8535,0.32960854338731294,-0.10185766922335886,-0.10186089803008858,-0.14319952574763145,0.32594805352603784,0.3259487083705517,13.588111990392209,-4.37192008742467,2.094635056369632
scripts\BMA-Study\EG10_group\full_vs_TFT_EG10.db,EG10_group,full_vs_TFT_EG10.db,3_2_2_StagHunt-1_1_1_Prisoners-3_2_2_StagHunt,20260307-193242,cadb35fb,2,10.0,Full,TFT,2000,0.4647823786094017,0.47320165932917346,0.49933519290302514,0.0825,0.0652310651363805,0.03506121337413788,0.0008215808868408203,0.8505,0.2915859026998098,-0.1396362355373565,-0.13963485334671458,-0.09597482196761996,0.3304933535049516,0.33049231639892934,13.526506543211639,-4.359245969572527,2.0967861484052692
scripts\BMA-Study\EG10_group\Grim_vs_Grim_EG10.db,EG10_group,Grim_vs_Grim_EG10.db,1_2_2_Chicken-1_1_1_Prisoners-1_2_2_Chicken,20260309-141956,d6554bb8,7,10.0,Full Grim,Grim,2000,0.14711396468530483,0.5134678479526453,0.0955407190322876,0.6875,0.12334145507366338,0.06591546327807009,0.0955407190322876,0.7105,-0.08563546475012886,0.010426260775623452,0.010424710113271774,-0.15815718594552236,0.13879569174117304,0.1387941370168669,3.929771178422612,1.5932661996213284,3.699456906722091
scripts\BMA-Study\EG10_group\Grim_vs_Grim_EG10.db,EG10_group,Grim_vs_Grim_EG10.db,1_2_2_Chicken-1_1_1_Prisoners-1_2_2_Chicken,20260309-141956,d6554bb8,5,10.0,Full Grim,Grim,2000,0.1429939066417258,0.5543414674870758,0.0955479884147644,0.654,0.11301066370290937,0.06370331287384033,0.0955479884147644,0.6835,-0.12216136775993593,-0.03482350424382359,-0.034826299838090324,-0.21661784089380057,0.13739383051484416,0.13739101365365383,3.9563503501737722,1.5667176256668816,3.6950670243469372
scripts\BMA-Study\EG10_group\Grim_vs_Grim_EG10.db,EG10_group,Grim_vs_Grim_EG10.db,1_2_2_Chicken-1_1_1_Prisoners-1_2_2_Chicken,20260309-141956,d6554bb8,1,10.0,Full Grim,Grim,2000,0.1538293426741441,0.44793921468077047,0.09554142951965332,0.647,0.12817254518845583,0.05614822452887893,0.09554142951965332,0.6685,-0.09861541922520978,-0.08127675178650218,-0.0812765951848932,-0.17371274763075267,0.05155494504421664,0.05155517967879547,3.8706195181425427,1.6275376230447796,3.7069275486769784
scripts\BMA-Study\EG10_group\Grim_vs_Grim_EG10.db,EG10_group,Grim_vs_Grim_EG10.db,1_2_2_Chicken-1_1_1_Prisoners-1_2_2_Chicken,20260309-141956,d6554bb8,3,10.0,Full Grim,Grim,2000,0.1343267367498239,0.4699568080262697,0.0955391001701355,0.67,0.10852802479396632,0.05910793032031506,0.0955391001701355,0.6965,-0.12973440192130237,0.012098918867926136,0.012099820520320364,-0.23266799227925536,0.1668427234346054,0.16684372031846936,3.9052069972915344,1.6018054055168123,3.697161414984354
scripts\BMA-Study\EG10_group\Grim_vs_Grim_EG10.db,EG10_group,Grim_vs_Grim_EG10.db,1_2_2_Chicken-1_1_1_Prisoners-1_2_2_Chicken,20260309-141956,d6554bb8,2,10.0,Full Grim,Grim,2000,0.13842975901463783,0.40329588966073543,0.09553201913833619,0.65,0.11082297733181622,0.05101812032982707,0.09553201913833619,0.6985,-0.14452978850964499,-0.14226934629581547,-0.1422694472088538,-0.23665316436888545,0.040708243295450086,0.040708147254195144,3.7304254766346423,1.7157090968486355,3.7325783058828828
scripts\BMA-Study\EG10_group\Grim_vs_Grim_EG10.db,EG10_group,Grim_vs_Grim_EG10.db,1_2_2_Chicken-1_1_1_Prisoners-1_2_2_Chicken,20260309-141956,d6554bb8,4,10.0,Full Grim,Grim,2000,0.12956156159910923,0.46996715475950696,0.09554889678955078,0.6965,0.1092387721107516,0.059117831387557086,0.09554889678955078,0.724,-0.17039047099562687,-0.056276713661261905,-0.0562747627685177,-0.27012798952647915,0.08392213034685873,0.08392411499711291,3.8281936970708195,1.6748222808927966,3.72649074741131
scripts\BMA-Study\EG10_group\Grim_vs_Grim_EG10.db,EG10_group,Grim_vs_Grim_EG10.db,1_2_2_Chicken-1_1_1_Prisoners-1_2_2_Chicken,20260309-141956,d6554bb8,8,10.0,Full Grim,Grim,2000,0.13672483941039967,0.4698300935035055,0.09554013133049011,0.667,0.11164251125564624,0.05936009627766907,0.09554013133049011,0.705,-0.08500717637008749,0.015046238914272205,0.015043681360248315,-0.22017219191670184,0.21406314354777112,0.2140605382479638,3.895718364095548,1.674927190539104,3.724748493421008
scripts\BMA-Study\EG10_group\Grim_vs_Grim_EG10.db,EG10_group,Grim_vs_Grim_EG10.db,1_2_2_Chicken-1_1_1_Prisoners-1_2_2_Chicken,20260309-141956,d6554bb8,6,10.0,Full Grim,Grim,2000,0.13549845083408474,0.5465748221268527,0.09553850173950196,0.654,0.10541522860071563,0.056673288345336914,0.09553850173950196,0.695,-0.14610355853648554,-0.045753043898680255,-0.045755873347396246,-0.2783895121918868,0.16353692331428352,0.16353401948396765,3.9819433940964517,1.570104201890461,3.69884797035251
scripts\BMA-Study\EG10_group\Grim_vs_Grim_EG10.db,EG10_group,Grim_vs_Grim_EG10.db,3_2_2_StagHunt-1_1_1_Prisoners-3_2_2_StagHunt,20260309-143734,d6554bb8,3,10.0,Full Grim,Grim,2000,0.13739515105927919,0.53109349016774,0.09592876896262169,0.7905,0.09562604556676524,0.012907943616737612,0.09592876896262169,0.8495,0.4848592727457063,-0.32340834119175516,-0.3234259399278972,0.1797814621815636,-0.008779515911077198,-0.00879687702325708,0.9687309891049517,1.6895468654565846,3.7278466487489217
scripts\BMA-Study\EG10_group\Grim_vs_Grim_EG10.db,EG10_group,Grim_vs_Grim_EG10.db,3_2_2_StagHunt-1_1_1_Prisoners-3_2_2_StagHunt,20260309-143734,d6554bb8,4,10.0,Full Grim,Grim,2000,0.1431964105102848,0.5298492530638773,0.09592764720320701,0.7615,0.10001366780548415,0.013258380212937482,0.09592764720320701,0.8175,0.5589036172834735,-0.41547227246592267,-0.4154943341837015,0.2556282738425681,-0.10726617841164707,-0.10728798481851706,0.7799492620368256,1.753270379621806,3.7492154524271935
scripts\BMA-Study\EG10_group\Grim_vs_Grim_EG10.db,EG10_group,Grim_vs_Grim_EG10.db,3_2_2_StagHunt-1_1_1_Prisoners-3_2_2_StagHunt,20260309-143734,d6554bb8,2,10.0,Full Grim,Grim,2000,0.12832504016378649,0.5562821941810681,0.09592830836772918,0.824,0.09266323765752896,0.012010503549245186,0.09592830836772918,0.878,0.39119114382240716,-0.22002054688805148,-0.22003424445160683,0.09611016022889256,0.07933593813977441,0.07932247508504774,0.739419366068556,1.7729376847857483,3.7516425884268365
scripts\BMA-Study\EG10_group\Grim_vs_Grim_EG10.db,EG10_group,Grim_vs_Grim_EG10.db,3_2_2_StagHunt-1_1_1_Prisoners-3_2_2_StagHunt,20260309-143734,d6554bb8,1,10.0,Full Grim,Grim,2000,0.13662664436692415,0.5383342559226515,0.09592845380306243,0.8455,0.09024565709407034,0.012713692694087514,0.09592845380306243,0.9135,0.2801847157236515,-0.10606158757148909,-0.10607928516773484,-0.07373538313079542,0.2641808373225318,0.2641634511199978,0.9641773321295622,1.6630956368420775,3.718270926618852
scripts\BMA-Study\EG10_group\Grim_vs_Grim_EG10.db,EG10_group,Grim_vs_Grim_EG10.db,3_2_2_StagHunt-1_1_1_Prisoners-3_2_2_StagHunt,20260309-143734,d6554bb8,5,10.0,Full Grim,Grim,2000,0.1420889374541294,0.4986456077983987,0.09592880919575691,0.7815,0.09551207700587111,0.012894245982170104,0.09592880919575691,0.85,0.4983842549141514,-0.3272057069718055,-0.32722751940506123,0.15102847403850042,0.031447301774980604,0.03142576720915617,1.1057120927368524,1.6230783323714169,3.7087454922770138
scripts\BMA-Study\EG10_group\Grim_vs_Grim_EG10.db,EG10_group,Grim_vs_Grim_EG10.db,3_2_2_StagHunt-1_1_1_Prisoners-3_2_2_StagHunt,20260309-143734,d6554bb8,6,10.0,Full Grim,Grim,2000,0.14814355104177926,0.4944950146762864,0.09592890158295632,0.7545,0.099928481910727,0.011415203809738159,0.09592890158295632,0.825,0.5941504805621606,-0.44475161333280505,-0.44476384051672685,0.2233915994435252,-0.06653082615890116,-0.06654273450123453,0.9007370958552928,1.6768109170466614,3.7291490268190937
scripts\BMA-Study\EG10_group\Grim_vs_Grim_EG10.db,EG10_group,Grim_vs_Grim_EG10.db,3_2_2_StagHunt-1_1_1_Prisoners-3_2_2_StagHunt,20260309-143734,d6554bb8,8,10.0,Full Grim,Grim,2000,0.1330309087961316,0.5319654416794602,0.09592795804142952,0.7945,0.09516438576736255,0.013397585917264223,0.09592795804142952,0.8545,0.48717714029045067,-0.31827105442853254,-0.3182925729746915,0.16276780607850022,0.01181107753752142,0.011789784025286455,0.7481196857268223,1.747800979895922,3.7499088025831058
scripts\BMA-Study\EG10_group\Grim_vs_Grim_EG10.db,EG10_group,Grim_vs_Grim_EG10.db,3_2_2_StagHunt-1_1_1_Prisoners-3_2_2_StagHunt,20260309-143734,d6554bb8,7,10.0,Full Grim,Grim,2000,0.14354703379856937,0.5150092575481032,0.09592844784259796,0.7965,0.09357024576273397,0.013379619504557922,0.09592844784259796,0.87,0.5028086616593628,-0.3011187715371744,-0.3011357677106225,0.13265803990697908,0.08988254620309621,0.08986585926368196,1.1277118361488683,1.6785061599072983,3.722277007294383
scripts\BMA-Study\EG10_group\TFT_vs_TFT_EG10.db,EG10_group,TFT_vs_TFT_EG10.db,1_2_2_Chicken-1_1_1_Prisoners-1_2_2_Chicken,20260307-223701,cadb35fb,2,10.0,Full TFT,TFT,2000,0.8270090781035845,0.6142914705577921,0.7039474354189502,0.0005,0.18111935049295425,0.005935676097869873,0.004478061199188232,0.8,-0.4235074505497761,0.6735531721374295,0.6735546957648862,0.1518089717069942,0.3066133834032186,0.30661631307311893,0.26508812808652876,1.0797269422881954,3.3860568599835505
scripts\BMA-Study\EG10_group\TFT_vs_TFT_EG10.db,EG10_group,TFT_vs_TFT_EG10.db,1_2_2_Chicken-1_1_1_Prisoners-1_2_2_Chicken,20260307-223701,cadb35fb,8,10.0,Full TFT,TFT,2000,0.8261992796146408,0.6008330305472966,0.7039474891237054,0.0005,0.1818497399687767,0.0074475336074829104,0.00447798490524292,0.8,-0.39707145853446596,0.6700510897359707,0.6700529009363682,0.15312324296945906,0.31578854133261225,0.3157901097651936,0.2766963976175757,1.0652933148189008,3.3826626189109983
scripts\BMA-Study\EG10_group\TFT_vs_TFT_EG10.db,EG10_group,TFT_vs_TFT_EG10.db,1_2_2_Chicken-1_1_1_Prisoners-1_2_2_Chicken,20260307-223701,cadb35fb,4,10.0,Full TFT,TFT,2000,0.8262646396778771,0.6012477114919637,0.7039474488451393,0.0005,0.18175116515159606,0.00684395432472229,0.004478042125701904,0.8,-0.41168160497346734,0.6701911721095994,0.6701930425002736,0.17079212266531663,0.315595700599468,0.3155973698316535,0.27552422329189724,1.0653164203971495,3.3825163820157527
scripts\BMA-Study\EG10_group\TFT_vs_TFT_EG10.db,EG10_group,TFT_vs_TFT_EG10.db,1_2_2_Chicken-1_1_1_Prisoners-1_2_2_Chicken,20260307-223701,cadb35fb,5,10.0,Full TFT,TFT,2000,0.8230004713510338,0.5791868854154935,0.7039474186362144,0.0005,0.1858540728390217,0.0028359115123748778,0.004478085041046143,0.7745,-0.43285862921301493,0.7117338643533597,0.7117353924179197,0.17356513255777778,0.2852574645857104,0.28525864743422724,0.30099797421193214,1.0615107096146503,3.3813638058445195
scripts\BMA-Study\EG10_group\TFT_vs_TFT_EG10.db,EG10_group,TFT_vs_TFT_EG10.db,1_2_2_Chicken-1_1_1_Prisoners-1_2_2_Chicken,20260307-223701,cadb35fb,3,10.0,Full TFT,TFT,2000,0.826310181478541,0.6018009380983959,0.7039473968186595,0.0005,0.1816813006401062,0.006041805744171142,0.004478116035461426,0.8,-0.4274185098891631,0.6853271690345512,0.6853284894150851,0.17845903148443507,0.30047203527556526,0.30047332883799566,0.28188693899172357,1.047008177474795,3.3774966072966888
scripts\BMA-Study\EG10_group\TFT_vs_TFT_EG10.db,EG10_group,TFT_vs_TFT_EG10.db,1_2_2_Chicken-1_1_1_Prisoners-1_2_2_Chicken,20260307-223701,cadb35fb,7,10.0,Full TFT,TFT,2000,0.825530984184371,0.5930759544387025,0.7039473917838389,0.0005,0.1825283527672291,0.006709170341491699,0.004478123188018799,0.8,-0.40031513356641735,0.6501942145210019,0.650195708736117,0.1475142594307539,0.3393660218234382,0.3393681952696454,0.2793006035833387,1.0665228629553307,3.382978517454208
scripts\BMA-Study\EG10_group\TFT_vs_TFT_EG10.db,EG10_group,TFT_vs_TFT_EG10.db,1_2_2_Chicken-1_1_1_Prisoners-1_2_2_Chicken,20260307-223701,cadb35fb,1,10.0,Full TFT,TFT,2000,0.8265556628151517,0.6062693799444986,0.7039474840888856,0.0005,0.1814769812822342,0.0055660676956176755,0.004477992057800293,0.8,-0.41586785974653867,0.6909118823920373,0.6909136686834579,0.16710586111637407,0.2930250224054477,0.2930266354860709,0.27962912097666415,1.0394541431202557,3.3751834919561023
scripts\BMA-Study\EG10_group\TFT_vs_TFT_EG10.db,EG10_group,TFT_vs_TFT_EG10.db,1_2_2_Chicken-1_1_1_Prisoners-1_2_2_Chicken,20260307-223701,cadb35fb,6,10.0,Full TFT,TFT,2000,0.8225202350566652,0.5677002278897829,0.703947452201686,0.0005,0.18625740015506745,0.001494901180267334,0.004478037357330322,0.777,-0.41344596315728616,0.7177375464250421,0.7177399106519229,0.19354484092447918,0.2848216061402323,0.2848231205955119,0.32196775093162433,1.062899670835248,3.383051111948329
scripts\BMA-Study\EG10_group\TFT_vs_TFT_EG10.db,EG10_group,TFT_vs_TFT_EG10.db,3_2_2_StagHunt-1_1_1_Prisoners-3_2_2_StagHunt,20260307-225255,cadb35fb,3,10.0,Full TFT,TFT,2000,0.3595775011492541,0.40914413514030074,0.0073808860778808594,0.3345,0.12458123914687894,0.016987220672890543,0.0073808860778808594,0.7015,0.8212723477259991,-0.6582904309073262,-0.6582911711731627,0.21134568554231872,0.059453076892419326,0.05945426119396151,9.080825234756805,-2.9017340029964336,2.412675414009659
scripts\BMA-Study\EG10_group\TFT_vs_TFT_EG10.db,EG10_group,TFT_vs_TFT_EG10.db,3_2_2_StagHunt-1_1_1_Prisoners-3_2_2_StagHunt,20260307-225255,cadb35fb,1,10.0,Full TFT,TFT,2000,0.5375238628162747,0.4059733744569553,0.4950435939566043,0.012,0.11670167740539182,0.015573167954571546,0.0054967373609542845,0.7505,0.10877443556996343,0.1785585065914695,0.178570424695119,0.16096058384897174,0.539760820933523,0.5397456505516,15.24359779831022,-4.773842132036923,2.0324011651813465
scripts\BMA-Study\EG10_group\TFT_vs_TFT_EG10.db,EG10_group,TFT_vs_TFT_EG10.db,3_2_2_StagHunt-1_1_1_Prisoners-3_2_2_StagHunt,20260307-225255,cadb35fb,2,10.0,Full TFT,TFT,2000,0.5326767343594365,0.3658172542717951,0.4885942003879732,0.0115,0.11784138730840642,0.015432827927870676,0.013014285564422608,0.746,0.10810689008720707,0.154825374870881,0.15482484605964583,0.11646882897347657,0.5728364799779928,0.5728361886397247,15.294039712343364,-4.793141953211341,2.02950855496933
scripts\BMA-Study\EG10_group\TFT_vs_TFT_EG10.db,EG10_group,TFT_vs_TFT_EG10.db,3_2_2_StagHunt-1_1_1_Prisoners-3_2_2_StagHunt,20260307-225255,cadb35fb,4,10.0,Full TFT,TFT,2000,0.534285878352769,0.40959954993933984,0.49714839421143964,0.01,0.11589403826749185,0.01655116109410301,0.003486364483833313,0.751,0.14181166793850492,0.11741708810996121,0.11741802957563564,0.08466987216024086,0.6386445671585236,0.638644495016311,15.35552528937906,-4.7762875913392415,2.032055772043301
scripts\BMA-Study\EG10_group\TFT_vs_TFT_EG10.db,EG10_group,TFT_vs_TFT_EG10.db,3_2_2_StagHunt-1_1_1_Prisoners-3_2_2_StagHunt,20260307-225255,cadb35fb,6,10.0,Full TFT,TFT,2000,0.3644100645763731,0.4905030628490658,0.007383893728256225,0.319,0.12901210568891838,0.013009215593338013,0.007383893728256225,0.679,0.8019448446586107,-0.683927757395454,-0.6839275108501056,0.21569499192137376,0.17722247569442315,0.1772226338664925,9.47526999909908,-2.9892615026182447,2.3914577627633693
scripts\BMA-Study\EG10_group\TFT_vs_TFT_EG10.db,EG10_group,TFT_vs_TFT_EG10.db,3_2_2_StagHunt-1_1_1_Prisoners-3_2_2_StagHunt,20260307-225255,cadb35fb,7,10.0,Full TFT,TFT,2000,0.538101892521967,0.46348904590293044,0.498623372788675,0.0115,0.1133874397566542,0.01681537875905633,0.0017436522245407105,0.7655,0.17250390488619957,0.1615694541928924,0.16157163234375646,0.0822500158702225,0.4876921661111183,0.4876916430758474,15.49591912720725,-4.785893082596444,2.0308617974587535
scripts\BMA-Study\EG10_group\TFT_vs_TFT_EG10.db,EG10_group,TFT_vs_TFT_EG10.db,3_2_2_StagHunt-1_1_1_Prisoners-3_2_2_StagHunt,20260307-225255,cadb35fb,5,10.0,Full TFT,TFT,2000,0.5358170342705388,0.48991880529732534,0.4978278453572081,0.011,0.11680644639232196,0.012256588935852051,0.0027669256925582884,0.7505,0.18806833832562664,0.08085603068526165,0.08085526130951017,0.07796003069318576,0.5904569015992607,0.590457837590438,15.311934154063463,-4.755168942162578,2.0353051935664315
scripts\BMA-Study\EG10_group\TFT_vs_TFT_EG10.db,EG10_group,TFT_vs_TFT_EG10.db,3_2_2_StagHunt-1_1_1_Prisoners-3_2_2_StagHunt,20260307-225255,cadb35fb,8,10.0,Full TFT,TFT,2000,0.5314547830725276,0.40933132263403665,0.4974223011844366,0.012,0.11281245482212399,0.01746678984258324,0.003147702217102051,0.754,0.15242466697848225,0.16851245802483864,0.1685148993103164,0.11765145598799233,0.5213069779175837,0.5213056294248438,15.294608803071082,-4.786271578852284,2.030758431332195
scripts\BMA-Study\EG1_group\full_vs_Grim_EG1.db,EG1_group,full_vs_Grim_EG1.db,1_2_2_Chicken-1_1_1_Prisoners-1_2_2_Chicken,20260308-224809,d6554bb8,6,1.0,Full,Grim,2000,0.17721325013700956,0.34759370014071467,0.043865162134170535,0.597,0.06363989129848778,0.04759483501315117,0.043865162134170535,0.774,-0.45465370078609413,-0.029699419144205954,-0.029699660941552724,-0.46469819194204376,0.13253979296579332,0.13254015882659412,3.7971809812532737,2.1859011685072494,3.8458767349004406
scripts\BMA-Study\EG1_group\full_vs_Grim_EG1.db,EG1_group,full_vs_Grim_EG1.db,1_2_2_Chicken-1_1_1_Prisoners-1_2_2_Chicken,20260308-224809,d6554bb8,2,1.0,Full,Grim,2000,0.17409055447892124,0.2459823314845562,0.041098210811614994,0.604,0.06236658616643399,0.06598301336169243,0.041098210811614994,0.732,-0.46210684031568827,-0.02223889952436873,-0.022238441335804517,-0.5403337816835867,0.1435665656599105,0.143567058638396,3.7867090361150915,2.1954752837235563,3.850728892949841
scripts\BMA-Study\EG1_group\full_vs_Grim_EG1.db,EG1_group,full_vs_Grim_EG1.db,1_2_2_Chicken-1_1_1_Prisoners-1_2_2_Chicken,20260308-224809,d6554bb8,7,1.0,Full,Grim,2000,0.16538104810673057,0.2913559207320213,0.03903701424598694,0.613,0.06680990800843574,0.061356774270534514,0.03903701424598694,0.7345,-0.4884511790828983,-0.00012729551569105104,-0.0001269759152849379,-0.5743117431517336,0.15371465539573959,0.15371500931126725,3.768724028898869,2.2024669462878017,3.854276520406506
scripts\BMA-Study\EG1_group\full_vs_Grim_EG1.db,EG1_group,full_vs_Grim_EG1.db,1_2_2_Chicken-1_1_1_Prisoners-1_2_2_Chicken,20260308-224809,d6554bb8,4,1.0,Full,Grim,2000,0.1776408683366641,0.27320358619093893,0.044200003147125244,0.601,0.06224235749524087,0.06320438250899314,0.044200003147125244,0.75,-0.3952417012807694,-0.016068027082673606,-0.01606559907416964,-0.4812252725207784,0.15995150439883002,0.15995501857090902,3.837458035198506,2.1831127762989624,3.8450752968617814
scripts\BMA-Study\EG1_group\full_vs_Grim_EG1.db,EG1_group,full_vs_Grim_EG1.db,1_2_2_Chicken-1_1_1_Prisoners-1_2_2_Chicken,20260308-224809,d6554bb8,8,1.0,Full,Grim,2000,0.16726342783215498,0.27320663273334506,0.03926832437515259,0.601,0.06621480338496621,0.06320742428302766,0.03926832437515259,0.7225,-0.4882403613872965,-0.003110114550942183,-0.0031065706563146818,-0.5851511916886024,0.1622995521523332,0.16230355068403285,3.7876792894843967,2.196939684493621,3.851607136012115
scripts\BMA-Study\EG1_group\full_vs_Grim_EG1.db,EG1_group,full_vs_Grim_EG1.db,1_2_2_Chicken-1_1_1_Prisoners-1_2_2_Chicken,20260308-224809,d6554bb8,1,1.0,Full,Grim,2000,0.16421502595042425,0.2641297033429146,0.0388353955745697,0.617,0.0667870851092739,0.06413044244050979,0.0388353955745697,0.748,-0.48046879180128305,-0.015622673135224825,-0.015623574679592325,-0.572119924982597,0.1303929360732921,0.13039145770001942,3.808373359396122,2.190312855120432,3.8486025840478604
scripts\BMA-Study\EG1_group\full_vs_Grim_EG1.db,EG1_group,full_vs_Grim_EG1.db,1_2_2_Chicken-1_1_1_Prisoners-1_2_2_Chicken,20260308-224809,d6554bb8,5,1.0,Full,Grim,2000,0.17208859927599707,0.32477562621235845,0.04037095189094544,0.5965,0.06463862051675096,0.05477664187550545,0.04037095189094544,0.7315,-0.44032008476245355,-0.02368934537557712,-0.023686741949948308,-0.5815100639532629,0.17917833150889734,0.17918095837738338,3.7547498981463723,2.199321811045565,3.8521791810288577
scripts\BMA-Study\EG1_group\full_vs_Grim_EG1.db,EG1_group,full_vs_Grim_EG1.db,1_2_2_Chicken-1_1_1_Prisoners-1_2_2_Chicken,20260308-224809,d6554bb8,3,1.0,Full,Grim,2000,0.1681524609038763,0.27320593580603597,0.04052986979484558,0.611,0.06472874468856026,0.06320670351386071,0.04052986979484558,0.7665,-0.45764508247889274,0.002622641330164812,0.002625868954276207,-0.5407727648222588,0.19941132627786587,0.19941437879946303,3.803541247359943,2.1890839683861487,3.8478237013368606
scripts\BMA-Study\EG1_group\full_vs_Grim_EG1.db,EG1_group,full_vs_Grim_EG1.db,3_2_2_StagHunt-1_1_1_Prisoners-3_2_2_StagHunt,20260308-230125,d6554bb8,2,1.0,Full,Grim,2000,0.18045730287773704,0.2459840929508209,0.2878211730718613,0.5535,0.10827239727601409,0.06598475098609924,0.21217882692813872,0.6495,0.02650895480785459,0.7101810521718409,0.7101836038503484,-0.23881385511889344,0.7448666598964,0.7448659959316143,3.9769661778295413,1.0085164589909184,3.3562711744096716
scripts\BMA-Study\EG1_group\full_vs_Grim_EG1.db,EG1_group,full_vs_Grim_EG1.db,3_2_2_StagHunt-1_1_1_Prisoners-3_2_2_StagHunt,20260308-230125,d6554bb8,1,1.0,Full,Grim,2000,0.18354360267019137,0.26412896156311033,0.3356358677148819,0.5515,0.10705244881287217,0.06412971496582032,0.1643641322851181,0.6315,0.006494770229821725,0.7377945675181568,0.7377965368927433,-0.23616031028902212,0.773142918819192,0.7731460888431393,3.7925577814443967,1.0267891347797091,3.364187594216117
scripts\BMA-Study\EG1_group\full_vs_Grim_EG1.db,EG1_group,full_vs_Grim_EG1.db,3_2_2_StagHunt-1_1_1_Prisoners-3_2_2_StagHunt,20260308-230125,d6554bb8,3,1.0,Full,Grim,2000,0.18280776291127132,0.27320517182350157,0.31795631170272826,0.5505,0.11026963291689754,0.06320594906806946,0.18204368829727172,0.63,0.018645337689395716,0.7526475519819815,0.7526490718413148,-0.20955940900663997,0.7546611262067623,0.7546614667346729,4.025779357970227,1.02376895590114,3.3626466755311677
scripts\BMA-Study\EG1_group\full_vs_Grim_EG1.db,EG1_group,full_vs_Grim_EG1.db,3_2_2_StagHunt-1_1_1_Prisoners-3_2_2_StagHunt,20260308-230125,d6554bb8,4,1.0,Full,Grim,2000,0.1917277180936728,0.27320355296134946,0.35000537931919096,0.5505,0.10094076642766595,0.06320434927940369,0.14999462068080902,0.6575,0.01482695051771895,0.7246724705980786,0.7246725061056276,-0.2974091813459823,0.7294147148266829,0.7294183993255643,3.8957743379818277,1.0181153028761776,3.360405869341502
scripts\BMA-Study\EG1_group\full_vs_Grim_EG1.db,EG1_group,full_vs_Grim_EG1.db,3_2_2_StagHunt-1_1_1_Prisoners-3_2_2_StagHunt,20260308-230125,d6554bb8,5,1.0,Full,Grim,2000,0.1887036697096123,0.3247749900817871,0.3303609526157379,0.5445,0.10650697587616742,0.0547760009765625,0.16963904738426208,0.635,0.018947809703741443,0.748633318778252,0.748634843975941,-0.2552807181439362,0.7278445607419044,0.727844811557648,3.884563543566037,1.0305167880219877,3.364971268635014
scripts\BMA-Study\EG1_group\full_vs_Grim_EG1.db,EG1_group,full_vs_Grim_EG1.db,3_2_2_StagHunt-1_1_1_Prisoners-3_2_2_StagHunt,20260308-230125,d6554bb8,6,1.0,Full,Grim,2000,0.19151930010249446,0.34759456157684326,0.3417619276046753,0.5415,0.10530050156079232,0.04759569644927979,0.1582380723953247,0.626,0.01821933621476989,0.7531538200594363,0.753155041094363,-0.2264876969599232,0.739874413272232,0.7398767335208197,3.908728627089411,1.0302021045991019,3.3646749257610153
scripts\BMA-Study\EG1_group\full_vs_Grim_EG1.db,EG1_group,full_vs_Grim_EG1.db,3_2_2_StagHunt-1_1_1_Prisoners-3_2_2_StagHunt,20260308-230125,d6554bb8,7,1.0,Full,Grim,2000,0.18710919275830837,0.29135496377944947,0.3419127005338669,0.5485,0.10393600751273334,0.061355831623077395,0.15808729946613312,0.634,0.015428779487319664,0.7349144713897944,0.7349152931387862,-0.25464413523043194,0.7629815985866834,0.7629818664004284,3.956097971644718,1.01559613662192,3.3592544679073097
scripts\BMA-Study\EG1_group\full_vs_Grim_EG1.db,EG1_group,full_vs_Grim_EG1.db,3_2_2_StagHunt-1_1_1_Prisoners-3_2_2_StagHunt,20260308-230125,d6554bb8,8,1.0,Full,Grim,2000,0.18437242946576954,0.2732102334499359,0.31954875588417053,0.5505,0.10766965245269239,0.06321100115776063,0.18045124411582947,0.637,0.01648452267992593,0.7417294624927178,0.7417323846626869,-0.24644218494088713,0.7350585426517999,0.7350611828024765,3.908653167294804,1.0232528495122062,3.362194710334074
scripts\BMA-Study\EG1_group\full_vs_TFT_EG1.db,EG1_group,full_vs_TFT_EG1.db,1_2_2_Chicken-1_1_1_Prisoners-1_2_2_Chicken,20260308-154447,cadb35fb,2,1.0,Full,TFT,2000,0.4475467458344873,0.5334125116130017,0.49954880631071163,0.071,0.061424292214214804,0.07867835879325867,0.0026067769527435302,0.7555,0.32644979520623646,0.18420186182305348,0.18420060686237252,-0.35740051579862553,0.41083723565003916,0.4108374205045336,12.411494290877133,1.1711390169680167,3.3986950489236945
scripts\BMA-Study\EG1_group\full_vs_TFT_EG1.db,EG1_group,full_vs_TFT_EG1.db,1_2_2_Chicken-1_1_1_Prisoners-1_2_2_Chicken,20260308-154447,cadb35fb,4,1.0,Full,TFT,2000,0.4424219676276632,0.5360690175960117,0.4995001602197186,0.074,0.057548380928114054,0.07777564644813538,0.002271289825439453,0.7665,0.36549257830931225,0.19653299689923617,0.19653346184186407,-0.3417168354235552,0.382050366053758,0.3820497002667057,12.535945112239569,1.1695577898407414,3.3979913502278714
scripts\BMA-Study\EG1_group\full_vs_TFT_EG1.db,EG1_group,full_vs_TFT_EG1.db,1_2_2_Chicken-1_1_1_Prisoners-1_2_2_Chicken,20260308-154447,cadb35fb,6,1.0,Full,TFT,2000,0.4430153004473376,0.5380328984299512,0.4994893382266823,0.0655,0.05703895900212228,0.05036199450492859,0.00242628276348114,0.7485,0.3953455047361898,0.19494130076362948,0.19494131903661827,-0.3193419915879531,0.3274654034475789,0.3274652992399283,12.587052023570985,1.1692996590730318,3.3979039205533326
scripts\BMA-Study\EG1_group\full_vs_TFT_EG1.db,EG1_group,full_vs_TFT_EG1.db,1_2_2_Chicken-1_1_1_Prisoners-1_2_2_Chicken,20260308-154447,cadb35fb,8,1.0,Full,TFT,2000,0.4435016315610985,0.535644948674051,0.49946936653729873,0.069,0.05760201577283442,0.07732224583625794,0.0026644927263259886,0.7665,0.35381531784381454,0.1713723350840947,0.1713724930127652,-0.3744837783515275,0.39565697237408876,0.39565708538477873,12.551060024220497,1.1710603384109572,3.398607413463127
scripts\BMA-Study\EG1_group\full_vs_TFT_EG1.db,EG1_group,full_vs_TFT_EG1.db,1_2_2_Chicken-1_1_1_Prisoners-1_2_2_Chicken,20260308-154447,cadb35fb,7,1.0,Full,TFT,2000,0.4424572810246986,0.5369732785064639,0.499456856534359,0.0695,0.057556196104735134,0.0743191134929657,0.002435746788978577,0.7615,0.3491466546757832,0.18617100771741402,0.1861710487504107,-0.36427377374202574,0.39974918353150424,0.39975053582699993,12.518253481712192,1.170473055767111,3.3983226175687924
scripts\BMA-Study\EG1_group\full_vs_TFT_EG1.db,EG1_group,full_vs_TFT_EG1.db,1_2_2_Chicken-1_1_1_Prisoners-1_2_2_Chicken,20260308-154447,cadb35fb,1,1.0,Full,TFT,2000,0.4482299105011099,0.5364589399904254,0.4994875591231228,0.0565,0.06333527830056847,0.07923882126808167,0.0025513195991516114,0.7295,0.3437244828918836,0.16260098989964777,0.16260223691655226,-0.33131406755493015,0.4091254179623058,0.40912546440359615,12.324277333006263,1.1758957520551139,3.400549458970216
scripts\BMA-Study\EG1_group\full_vs_TFT_EG1.db,EG1_group,full_vs_TFT_EG1.db,1_2_2_Chicken-1_1_1_Prisoners-1_2_2_Chicken,20260308-154447,cadb35fb,5,1.0,Full,TFT,2000,0.44400895713306454,0.5376186278217144,0.49955223396806353,0.0695,0.05826034323684871,0.0634730839729309,0.0023247063159942626,0.7505,0.3512003759201904,0.21637798255755059,0.2163759965479379,-0.34245843385175917,0.36712586135617503,0.367124777157952,12.470356001812965,1.1722955619042634,3.3990752577123744
scripts\BMA-Study\EG1_group\full_vs_TFT_EG1.db,EG1_group,full_vs_TFT_EG1.db,1_2_2_Chicken-1_1_1_Prisoners-1_2_2_Chicken,20260308-154447,cadb35fb,3,1.0,Full,TFT,2000,0.44530111930805577,0.5367546500921112,0.49955400233193387,0.072,0.06019688892923296,0.07845522999763489,0.0023105162382125854,0.76,0.3557590330466166,0.1716994420747121,0.17169901661805415,-0.3127435017051598,0.3885872589178423,0.3885863427221187,12.32576336427033,1.1723013681494854,3.3991276235290036
scripts\BMA-Study\EG1_group\full_vs_TFT_EG1.db,EG1_group,full_vs_TFT_EG1.db,3_2_2_StagHunt-1_1_1_Prisoners-3_2_2_StagHunt,20260308-155713,cadb35fb,5,1.0,Full,TFT,2000,0.1754566011950398,0.3247749900817871,0.28394943952560425,0.5545,0.10529811596125364,0.0547760009765625,0.21605056047439575,0.6715,0.06661204226893552,0.851740548161694,0.8517418051849229,-0.07715645762829515,0.5406015280271298,0.5406018250692346,4.082969436102081,1.088430332012316,3.3880009340023034
scripts\BMA-Study\EG1_group\full_vs_TFT_EG1.db,EG1_group,full_vs_TFT_EG1.db,3_2_2_StagHunt-1_1_1_Prisoners-3_2_2_StagHunt,20260308-155713,cadb35fb,6,1.0,Full,TFT,2000,0.1757360122380087,0.34759456157684326,0.3057937216758728,0.5545,0.10769708197750151,0.04759569644927979,0.1942062783241272,0.665,0.07314631360025417,0.8338639216804797,0.8338655036028721,-0.08827551708443297,0.5692686146715281,0.5692708845954916,4.117558482386172,1.0874632482303996,3.3873476856363767
scripts\BMA-Study\EG1_group\full_vs_TFT_EG1.db,EG1_group,full_vs_TFT_EG1.db,3_2_2_StagHunt-1_1_1_Prisoners-3_2_2_StagHunt,20260308-155713,cadb35fb,4,1.0,Full,TFT,2000,0.167816248207034,0.27320355296134946,0.2500904580950737,0.572,0.10320529550127686,0.06320434927940369,0.24736269444227219,0.681,-0.035008964469085885,0.8491950460204304,0.8491956045185203,-0.1610659589767873,0.560858798425308,0.5608587658686763,3.9099414297277106,1.0760094749200286,3.383692082262653
scripts\BMA-Study\EG1_group\full_vs_TFT_EG1.db,EG1_group,full_vs_TFT_EG1.db,3_2_2_StagHunt-1_1_1_Prisoners-3_2_2_StagHunt,20260308-155713,cadb35fb,7,1.0,Full,TFT,2000,0.16970751071084364,0.29135496377944947,0.27350259602069854,0.568,0.10470117645151913,0.061355831623077395,0.22649740397930146,0.6805,-0.03029229683182586,0.8390765488647258,0.8390794993168768,-0.1860016740559737,0.5808246339422521,0.5808267640858039,4.0648173965220336,1.066188924537156,3.3792442612752804
scripts\BMA-Study\EG1_group\full_vs_TFT_EG1.db,EG1_group,full_vs_TFT_EG1.db,3_2_2_StagHunt-1_1_1_Prisoners-3_2_2_StagHunt,20260308-155713,cadb35fb,1,1.0,Full,TFT,2000,0.17721088782281916,0.26412896156311033,0.2294380035996437,0.571,0.09091498640924692,0.06412971496582032,0.2294380035996437,0.7315,-0.06353998680765734,0.8789907565315421,0.8789958552107385,-0.0536178777829662,0.3495965569681304,0.34959493002442876,3.9227580120279453,1.0743857195381865,3.3826714404061358
scripts\BMA-Study\EG1_group\full_vs_TFT_EG1.db,EG1_group,full_vs_TFT_EG1.db,3_2_2_StagHunt-1_1_1_Prisoners-3_2_2_StagHunt,20260308-155713,cadb35fb,2,1.0,Full,TFT,2000,0.17258499088910337,0.2459840929508209,0.23549725860357285,0.576,0.09742954185791314,0.06598475098609924,0.23549725860357285,0.716,-0.05022845713409591,0.8533409044585112,0.8533419300173747,-0.1289187201074954,0.45715196468471814,0.4571508520107087,4.151296662342735,1.058076699694237,3.3755735418872677
scripts\BMA-Study\EG1_group\full_vs_TFT_EG1.db,EG1_group,full_vs_TFT_EG1.db,3_2_2_StagHunt-1_1_1_Prisoners-3_2_2_StagHunt,20260308-155713,cadb35fb,3,1.0,Full,TFT,2000,0.17546579933527176,0.27320517182350157,0.33368801176548,0.5655,0.10695332094281912,0.06320594906806946,0.16631198823451995,0.662,0.016644765885968252,0.8248781037987998,0.8248789695295154,-0.1143973395933839,0.5803049642166165,0.5803081940850761,4.336712514512707,1.0689406710148024,3.3799606510559106
scripts\BMA-Study\EG1_group\full_vs_TFT_EG1.db,EG1_group,full_vs_TFT_EG1.db,3_2_2_StagHunt-1_1_1_Prisoners-3_2_2_StagHunt,20260308-155713,cadb35fb,8,1.0,Full,TFT,2000,0.17478860417104233,0.2732102334499359,0.2616883611679077,0.565,0.1011520665474236,0.06321100115776063,0.23831163883209228,0.701,0.013551286860630465,0.8447852652931785,0.8447881325694246,-0.09956928648921559,0.4787566878347036,0.4787596183313623,4.043577913133893,1.077249231991972,3.3834144608999703
scripts\BMA-Study\EG1_group\Grim_vs_Grim_EG1.db,EG1_group,Grim_vs_Grim_EG1.db,1_2_2_Chicken-1_1_1_Prisoners-1_2_2_Chicken,20260309-010359,d6554bb8,3,1.0,Full Grim,Grim,2000,0.04670915788123154,0.27647770941257477,0.024067888259887694,0.951,0.03116949249571189,0.06647847712039948,0.024067888259887694,0.9695,-0.10551285954388445,0.08476783702690778,0.08476543866377195,-0.13043816449690251,0.15763614226295627,0.15763381625829656,3.6561377859200586,2.359596293477979,3.93284072070344
scripts\BMA-Study\EG1_group\Grim_vs_Grim_EG1.db,EG1_group,Grim_vs_Grim_EG1.db,1_2_2_Chicken-1_1_1_Prisoners-1_2_2_Chicken,20260309-010359,d6554bb8,5,1.0,Full Grim,Grim,2000,0.04916652796866754,0.32754786655306817,0.02406810760498047,0.942,0.03151586527423933,0.05754888221621513,0.02406810760498047,0.9615,-0.07626122252729345,0.026949562047502103,0.02694176033152619,-0.1074285008950424,0.10904187977418534,0.10903367923112402,3.635018979219836,2.3620301423236425,3.933821880776462
scripts\BMA-Study\EG1_group\Grim_vs_Grim_EG1.db,EG1_group,Grim_vs_Grim_EG1.db,1_2_2_Chicken-1_1_1_Prisoners-1_2_2_Chicken,20260309-010359,d6554bb8,1,1.0,Full Grim,Grim,2000,0.04826323223694086,0.2674687902629376,0.024068002700805665,0.951,0.032738321046344936,0.06746952936053276,0.024068002700805665,0.9685,-0.07547329302894865,0.1627722944146402,0.16277032455879237,-0.09752013979177299,0.2204696284047284,0.2204677356616938,3.6671303430723494,2.356070322591083,3.931374972844828
scripts\BMA-Study\EG1_group\Grim_vs_Grim_EG1.db,EG1_group,Grim_vs_Grim_EG1.db,1_2_2_Chicken-1_1_1_Prisoners-1_2_2_Chicken,20260309-010359,d6554bb8,2,1.0,Full Grim,Grim,2000,0.04929674143112149,0.249450241625309,0.024067506790161133,0.953,0.03411317540984601,0.06945092350244522,0.024067506790161133,0.972,-0.005685387243586784,0.1511770238594093,0.15117570157599733,-0.031150244372375336,0.2105973789460731,0.2105963377663129,3.6439203869578196,2.3650319397029778,3.935747152766411
scripts\BMA-Study\EG1_group\Grim_vs_Grim_EG1.db,EG1_group,Grim_vs_Grim_EG1.db,1_2_2_Chicken-1_1_1_Prisoners-1_2_2_Chicken,20260309-010359,d6554bb8,6,1.0,Full Grim,Grim,2000,0.0500312094992788,0.3500106383860111,0.02406783103942871,0.921,0.03485113266343251,0.05001177325844765,0.02406783103942871,0.9365,-0.1180360967006944,-0.01972606646940727,-0.019725443409946874,-0.14608978520950103,0.06363407489098617,0.06363479229382307,3.674838561873068,2.3617266734233544,3.933490547957337
scripts\BMA-Study\EG1_group\Grim_vs_Grim_EG1.db,EG1_group,Grim_vs_Grim_EG1.db,1_2_2_Chicken-1_1_1_Prisoners-1_2_2_Chicken,20260309-010359,d6554bb8,8,1.0,Full Grim,Grim,2000,0.046315528432039885,0.2764774651825428,0.024067864418029786,0.954,0.032363864795304835,0.06647825673222542,0.024067864418029786,0.968,-0.0791110935462918,0.06568351526891998,0.06568184000578046,-0.10245842818857052,0.12414123438586558,0.12413961208560731,3.6515913067004875,2.3609394314661403,3.933514540388811
scripts\BMA-Study\EG1_group\Grim_vs_Grim_EG1.db,EG1_group,Grim_vs_Grim_EG1.db,1_2_2_Chicken-1_1_1_Prisoners-1_2_2_Chicken,20260309-010359,d6554bb8,4,1.0,Full Grim,Grim,2000,0.05274881545614659,0.2764777810871601,0.02406813144683838,0.918,0.03886636901134625,0.0664785774052143,0.02406813144683838,0.933,-0.03045634912702584,0.04429902082679325,0.04430006055322348,-0.055896924697887096,0.10276635906355731,0.1027677685195277,3.6248352451509565,2.355545731245441,3.9313733603780183
scripts\BMA-Study\EG1_group\Grim_vs_Grim_EG1.db,EG1_group,Grim_vs_Grim_EG1.db,1_2_2_Chicken-1_1_1_Prisoners-1_2_2_Chicken,20260309-010359,d6554bb8,7,1.0,Full Grim,Grim,2000,0.047194419523752924,0.29449623316526413,0.02406796932220459,0.9515,0.03250823565153405,0.06449708670377731,0.02406796932220459,0.9675,-0.06221758212107622,0.188901019922828,0.1889046820023659,-0.08613851098572686,0.2530487468139356,0.25305249554136966,3.6483351467124887,2.3626915801593342,3.9342862605472937
scripts\BMA-Study\EG1_group\Grim_vs_Grim_EG1.db,EG1_group,Grim_vs_Grim_EG1.db,3_2_2_StagHunt-1_1_1_Prisoners-3_2_2_StagHunt,20260309-011653,d6554bb8,8,1.0,Full Grim,Grim,2000,0.28516226067245887,0.21669421672821046,0.0022483468055725098,0.7895,0.19494002237915992,0.006694984436035156,0.0022483468055725098,0.8,0.2701305882596989,0.23310192793753234,0.2331008825950434,0.22172104110297072,0.19267550599464092,0.19267395924680217,0.05828861710918136,0.6465732536606227,3.214079464439339
scripts\BMA-Study\EG1_group\Grim_vs_Grim_EG1.db,EG1_group,Grim_vs_Grim_EG1.db,3_2_2_StagHunt-1_1_1_Prisoners-3_2_2_StagHunt,20260309-011653,d6554bb8,5,1.0,Full Grim,Grim,2000,0.28670143932362263,0.2760122013092041,0.0022483468055725098,0.7865,0.19497919595241547,0.006013212203979493,0.0022483468055725098,0.8,0.3264944492480347,0.2200343900674534,0.2200312680593463,0.26415712396679547,0.16819976285973295,0.16819711645853927,0.06246123387117405,0.6487454195094944,3.2148660095182273
scripts\BMA-Study\EG1_group\Grim_vs_Grim_EG1.db,EG1_group,Grim_vs_Grim_EG1.db,3_2_2_StagHunt-1_1_1_Prisoners-3_2_2_StagHunt,20260309-011653,d6554bb8,4,1.0,Full Grim,Grim,2000,0.2851591392191373,0.216662917137146,0.0022483468055725098,0.7895,0.19493687772750853,0.006663713455200195,0.0022483468055725098,0.8,0.29209441146323983,0.23627742493338244,0.2362745445219817,0.2433974105459815,0.19580901476850646,0.19580644116607304,0.05938255612528883,0.646566137414153,3.2140771930474394
scripts\BMA-Study\EG1_group\Grim_vs_Grim_EG1.db,EG1_group,Grim_vs_Grim_EG1.db,3_2_2_StagHunt-1_1_1_Prisoners-3_2_2_StagHunt,20260309-011653,d6554bb8,3,1.0,Full Grim,Grim,2000,0.2851776096122743,0.21666831254959107,0.0022483468055725098,0.7895,0.1949553499519825,0.006669089794158935,0.0022483468055725098,0.8,0.30418426630559176,0.21242262893747535,0.21241991851930128,0.2556323391710321,0.17193644859408022,0.17193372590857117,0.058473581002792346,0.6464149404149333,3.214027717212288
scripts\BMA-Study\EG1_group\Grim_vs_Grim_EG1.db,EG1_group,Grim_vs_Grim_EG1.db,3_2_2_StagHunt-1_1_1_Prisoners-3_2_2_StagHunt,20260309-011653,d6554bb8,1,1.0,Full Grim,Grim,2000,0.28493265550665836,0.20669398069381714,0.0022483468055725098,0.79,0.19496040961146355,0.0066947340965271,0.0022483468055725098,0.8,0.31639994191442455,0.20167741810226789,0.2016795682806772,0.27019824456813907,0.16312366332324615,0.16312580072106259,0.058329505556379446,0.645920060981469,3.213853149018941
scripts\BMA-Study\EG1_group\Grim_vs_Grim_EG1.db,EG1_group,Grim_vs_Grim_EG1.db,3_2_2_StagHunt-1_1_1_Prisoners-3_2_2_StagHunt,20260309-011653,d6554bb8,2,1.0,Full Grim,Grim,2000,0.28439018561467344,0.18677267789840699,0.0022483468055725098,0.791,0.1949179296195507,0.006773335933685303,0.0022483468055725098,0.8,0.3059092425929359,0.20639215139314307,0.20639220843684358,0.2641786054872188,0.17163853640221888,0.17163840164443536,0.055495844442630185,0.6453836527099595,3.213652276055801
scripts\BMA-Study\EG1_group\Grim_vs_Grim_EG1.db,EG1_group,Grim_vs_Grim_EG1.db,3_2_2_StagHunt-1_1_1_Prisoners-3_2_2_StagHunt,20260309-011653,d6554bb8,7,1.0,Full Grim,Grim,2000,0.28566492182833175,0.2366093850135803,0.0022483468055725098,0.7885,0.19494266548752784,0.006610252857208252,0.0022483468055725098,0.8,0.2828481541695983,0.2642981188051004,0.2642975458104066,0.22921519075610186,0.22004563801619698,0.22004504774640032,0.059319970386452044,0.6473952703677794,3.2143737688160092
scripts\BMA-Study\EG1_group\Grim_vs_Grim_EG1.db,EG1_group,Grim_vs_Grim_EG1.db,3_2_2_StagHunt-1_1_1_Prisoners-3_2_2_StagHunt,20260309-011653,d6554bb8,6,1.0,Full Grim,Grim,2000,0.28745619951509277,0.30519538164138793,0.0022483468055725098,0.785,0.19498394337296485,0.005196516513824463,0.0022483468055725098,0.8,0.32451448570754493,0.21244252442769598,0.21244133898754236,0.2554505830421269,0.15492469150373575,0.1549234781529399,0.06584894763852936,0.6501096140246925,3.215350335553379
scripts\BMA-Study\EG1_group\TFT_vs_TFT_EG1.db,EG1_group,TFT_vs_TFT_EG1.db,1_2_2_Chicken-1_1_1_Prisoners-1_2_2_Chicken,20260308-161400,cadb35fb,2,1.0,Full TFT,TFT,2000,0.8405326202097567,0.6151368535296828,0.7062782813301665,0.0005,0.1940300146341324,0.004777698516845703,0.0011723637580871582,0.8,-0.5204836391761353,0.8006930143127781,0.8007134918007996,0.2470605187434063,0.17584431487037677,0.17582502807197004,0.26508812808652876,1.422255933530824,3.4975379666340976
scripts\BMA-Study\EG1_group\TFT_vs_TFT_EG1.db,EG1_group,TFT_vs_TFT_EG1.db,1_2_2_Chicken-1_1_1_Prisoners-1_2_2_Chicken,20260308-161400,cadb35fb,3,1.0,Full TFT,TFT,2000,0.8401796562093196,0.6033448397771686,0.7062782813301665,0.0005,0.19409015047550202,0.0038743352890014647,0.0011723637580871582,0.8,-0.5182244816731818,0.8124589497101926,0.8124642937984676,0.26701245843829674,0.1713638713439414,0.1713627179947088,0.28188693899172357,1.4204538606867205,3.4968223581229685
scripts\BMA-Study\EG1_group\TFT_vs_TFT_EG1.db,EG1_group,TFT_vs_TFT_EG1.db,1_2_2_Chicken-1_1_1_Prisoners-1_2_2_Chicken,20260308-161400,cadb35fb,1,1.0,Full TFT,TFT,2000,0.840281621514525,0.6073096231511159,0.7062782813301665,0.0005,0.19409244400262832,0.0041267466545104985,0.0011723637580871582,0.8,-0.5114832507011978,0.8096654994254948,0.8096889843580912,0.26159437162613797,0.17042801655455725,0.17041259485931848,0.27962912097666415,1.4198601259878132,3.496585714394765
scripts\BMA-Study\EG1_group\TFT_vs_TFT_EG1.db,EG1_group,TFT_vs_TFT_EG1.db,1_2_2_Chicken-1_1_1_Prisoners-1_2_2_Chicken,20260308-161400,cadb35fb,8,1.0,Full TFT,TFT,2000,0.8401947353845164,0.6032911318980225,0.7062782813301665,0.0005,0.19406881245970725,0.0039510798454284665,0.0011723637580871582,0.8,-0.4824822956854711,0.7804246233118183,0.7804444300092936,0.23780381664011707,0.20021200228959643,0.20019088124039738,0.2766963976175757,1.4216200405382533,3.497287197027639
scripts\BMA-Study\EG1_group\TFT_vs_TFT_EG1.db,EG1_group,TFT_vs_TFT_EG1.db,1_2_2_Chicken-1_1_1_Prisoners-1_2_2_Chicken,20260308-161400,cadb35fb,5,1.0,Full TFT,TFT,2000,0.8395649340941386,0.5794735910599017,0.7062782813301665,0.0005,0.19408064198493957,0.002478259801864624,0.0011723637580871582,0.8,-0.5110380393001287,0.8194427940104523,0.8194449146069654,0.25026001844226947,0.1730304452668676,0.17302288987498718,0.30099797421193214,1.4217203074521172,3.497317973840546
scripts\BMA-Study\EG1_group\TFT_vs_TFT_EG1.db,EG1_group,TFT_vs_TFT_EG1.db,1_2_2_Chicken-1_1_1_Prisoners-1_2_2_Chicken,20260308-161400,cadb35fb,4,1.0,Full TFT,TFT,2000,0.8401997312347197,0.6033103862801776,0.7062782813301665,0.0005,0.1940616560280323,0.003923588991165161,0.0011723637580871582,0.8,-0.4932750584043456,0.7783153697323278,0.7783319817281327,0.2511835499398345,0.20281216972822969,0.20278970830925225,0.27552422329189724,1.4216022609207764,3.4972787953148328
scripts\BMA-Study\EG1_group\TFT_vs_TFT_EG1.db,EG1_group,TFT_vs_TFT_EG1.db,1_2_2_Chicken-1_1_1_Prisoners-1_2_2_Chicken,20260308-161400,cadb35fb,7,1.0,Full TFT,TFT,2000,0.8399902669412228,0.5954038582672219,0.7062782813301665,0.0005,0.19406491100788117,0.0033859455585479735,0.0011723637580871582,0.8,-0.47689768380997166,0.7656649809016555,0.7656932074921594,0.22235929921023745,0.2206680667756509,0.22063823028256374,0.2793006035833387,1.4218180275068892,3.497363752399897
scripts\BMA-Study\EG1_group\TFT_vs_TFT_EG1.db,EG1_group,TFT_vs_TFT_EG1.db,1_2_2_Chicken-1_1_1_Prisoners-1_2_2_Chicken,20260308-161400,cadb35fb,6,1.0,Full TFT,TFT,2000,0.8392664490009886,0.5674732877315188,0.7062782813301665,0.0005,0.19406331065297128,0.0018725728988647462,0.0011723637580871582,0.8,-0.4898224917760382,0.8315031971865476,0.8315038697459092,0.26904228115025164,0.16737129292256736,0.16737316032698202,0.32196775093162433,1.4223086629208732,3.4975572465753295
scripts\BMA-Study\EG1_group\TFT_vs_TFT_EG1.db,EG1_group,TFT_vs_TFT_EG1.db,3_2_2_StagHunt-1_1_1_Prisoners-3_2_2_StagHunt,20260308-162705,cadb35fb,1,1.0,Full TFT,TFT,2000,0.2849180902102734,0.20645269870758057,0.0022484660148620605,0.79,0.19494532737135886,0.006453452110290528,0.0022484660148620605,0.8,0.35216612363446814,0.10967823274728052,0.10967649108493087,0.304678132629796,0.06990598977024556,0.06990415095270514,0.05810931725171395,0.6460108153749725,3.2138842898538864
scripts\BMA-Study\EG1_group\TFT_vs_TFT_EG1.db,EG1_group,TFT_vs_TFT_EG1.db,3_2_2_StagHunt-1_1_1_Prisoners-3_2_2_StagHunt,20260308-162705,cadb35fb,2,1.0,Full TFT,TFT,2000,0.2843765909613692,0.1865117609500885,0.0022484660148620605,0.791,0.19490382379293442,0.006512418985366821,0.0022484660148620605,0.8,0.3338859015780965,0.12335376508989232,0.12335187981787668,0.29099456219851266,0.08752357578698995,0.08752140822856704,0.055291742611210795,0.645482520445624,3.2136860573286676
scripts\BMA-Study\EG1_group\TFT_vs_TFT_EG1.db,EG1_group,TFT_vs_TFT_EG1.db,3_2_2_StagHunt-1_1_1_Prisoners-3_2_2_StagHunt,20260308-162705,cadb35fb,3,1.0,Full TFT,TFT,2000,0.2851633851344563,0.2164296042919159,0.0022484660148620605,0.7895,0.19494061782956124,0.006430381536483764,0.0022484660148620605,0.8,0.3458312557229175,0.12275303567459733,0.12275369874648702,0.2959543035984357,0.08102401776395433,0.08102456343969158,0.058260414832504465,0.6465035304152346,3.2140581251850007
scripts\BMA-Study\EG1_group\TFT_vs_TFT_EG1.db,EG1_group,TFT_vs_TFT_EG1.db,3_2_2_StagHunt-1_1_1_Prisoners-3_2_2_StagHunt,20260308-162705,cadb35fb,4,1.0,Full TFT,TFT,2000,0.2851459032048234,0.2164270043373108,0.0022484660148620605,0.7895,0.19492313662171365,0.006427800655364991,0.0022484660148620605,0.8,0.32461519992590476,0.1586140017730792,0.1586104043544152,0.27446286828003086,0.11683444823477682,0.11683102348655135,0.059176669412758204,0.6466545577718844,3.214107536204536
scripts\BMA-Study\EG1_group\TFT_vs_TFT_EG1.db,EG1_group,TFT_vs_TFT_EG1.db,3_2_2_StagHunt-1_1_1_Prisoners-3_2_2_StagHunt,20260308-162705,cadb35fb,5,1.0,Full TFT,TFT,2000,0.28668729276228533,0.27581398487091063,0.0022484660148620605,0.7865,0.19496453514695167,0.005814995765686035,0.0022484660148620605,0.8,0.3699214901757882,0.1312136777298906,0.1312029185784245,0.30584506641889364,0.0777958805753536,0.07778543627725475,0.06224731179629452,0.6488291514461859,3.2148948412216902
scripts\BMA-Study\EG1_group\TFT_vs_TFT_EG1.db,EG1_group,TFT_vs_TFT_EG1.db,3_2_2_StagHunt-1_1_1_Prisoners-3_2_2_StagHunt,20260308-162705,cadb35fb,6,1.0,Full TFT,TFT,2000,0.2874426180660948,0.30503432869911196,0.0022484660148620605,0.785,0.19496985509991646,0.005035463571548462,0.0022484660148620605,0.8,0.3606353725963053,0.1257532042251363,0.12575164576178702,0.2897227467278028,0.06649752820254899,0.06649575205916322,0.0656472256577108,0.650184914757364,3.2153763941694957
scripts\BMA-Study\EG1_group\TFT_vs_TFT_EG1.db,EG1_group,TFT_vs_TFT_EG1.db,3_2_2_StagHunt-1_1_1_Prisoners-3_2_2_StagHunt,20260308-162705,cadb35fb,8,1.0,Full TFT,TFT,2000,0.28514811882930907,0.21644187808036805,0.0022484660148620605,0.7895,0.19492536261677743,0.006442645788192749,0.0022484660148620605,0.8,0.3086933145953833,0.15492513770752295,0.15492348046916948,0.25885702253323567,0.11320668298898283,0.11320437791993566,0.058077642528223804,0.6466625616603264,3.214110135509069
scripts\BMA-Study\EG1_group\TFT_vs_TFT_EG1.db,EG1_group,TFT_vs_TFT_EG1.db,3_2_2_StagHunt-1_1_1_Prisoners-3_2_2_StagHunt,20260308-162705,cadb35fb,7,1.0,Full TFT,TFT,2000,0.28565165910812973,0.23637977242469788,0.0022484660148620605,0.7885,0.19492889708280564,0.006380640268325806,0.0022484660148620605,0.8,0.33106871292930107,0.1720307529152746,0.17203058730044335,0.2758889210753883,0.12634880554441416,0.12634849990037028,0.0591154891444603,0.6474806675944332,3.214403125031645
